Smith, John
Johnson, Emily
Williams, Michael
Jones, Sarah
Brown, William
Davis, Olivia
Miller, James
Wilson, Ana
Peterson, Simon
Pauly, Glenda
Slade, Rodney
Davidson, Wendy
Gad, Nancy
Weathers, Sam
Smith, Jane
Anderson, John
Baker, Sarah
Carter, Michael
Davis, Emily
Edwards, Christopher
Fisher, Jessica
Garcia, Daniel
Hernandez, Ashley
Ingram, Matthew
Johnson, Samantha
Kelly, Robert
Lopez, Jennifer
Martinez, David
Nelson, Amanda
Owens, Joshua
Patel, Melissa
Quinn, Kevin
Ramirez, Stephanie
Smith, James
Taylor, Brittany
Underwood, Timothy
Vasquez, Christina
White, Brandon
Xavier, Lauren
Young, Andrew
Zane, Kimberly
Adams, Nicholas
Brown, Megan
Chang, Ryan
Diaz, Elizabeth
Evans, Patrick
Fernandez, Nicole
Gonzalez, Anthony
Hughes, Michelle
Ibrahim, Benjamin
Jenkins, Danielle
Khan, Jonathan
Lee, Victoria
Morgan, Samuel
Nguyen, Jennifer
Olson, Matthew
Perez, Emily
Quinlan, Alexander
Rodriguez, Maria
Sanchez, Christopher
Thompson, Hannah
Upton, Gregory
Vega, Laura
Wilson, Tyler
Xu, Jessica
Yang, Daniel
Zimmerman, Rachel
Alvarez, Carlos
Barnes, Heather
Campbell, Joshua
Douglas, Allison
Espinoza, Gabriel
Flores, Vanessa
Gomez, Edward
Hernandez, Amanda
Ingram, William
Jackson, Emily
Kim, Michael
Lopez, Jasmine
Martinez, Brian
Nguyen, Tiffany
Owens, Christopher
Patel, Priya
Quinn, Jacob
Ramirez, Laura
Stevens, Matthew
Torres, Sarah
Underwood, Jessica
Vasquez, Alex
White, Jennifer
Xavier, Jason
Young, Olivia
Zane, Brandon
Abbott, Natalie
Brown, Joshua
Chang, Grace
Diaz, Juan
Evans, Angela
Fernandez, Carlos
Garcia, Maria
Hughes, Daniel
Ibrahim, Jasmine
Johnson, Tyler
Kim, Jessica
Lee, David
Morgan, Emily
Nguyen, Andrew
Olson, Samantha
Patel, Rahul
Quinlan, Olivia
Rodriguez, Matthew
Sanchez, Vanessa
Thompson, Robert
Upton, Christina
Vega, Daniel
Wilson, Jennifer
Xu, Benjamin
Yang, Tiffany
Zimmerman, Alexander
Adams, Christina
Baker, Ryan
Campbell, Nicole
Douglas, Christopher
Espinoza, Stephanie
Flores, Joshua
Gomez, Brittany
Hernandez, Joseph
Ingram, Amanda
Jackson, David
Kelly, Emily
Lopez, Gregory
Martinez, Kimberly
Nguyen, Brandon
Owens, Victoria
Patel, Nicholas
Quinn, Hannah
Ramirez, Jonathan
Stevens, Jessica
Torres, Eric
Underwood, Lauren
Vasquez, Michelle
White, Christopher
Xavier, Megan
Young, Samuel
Zane, Danielle
Abbott, Michael
Brown, Danielle
Chang, Daniel
Diaz, Ashley
Evans, Kevin
Fernandez, Melissa
Garcia, Jonathan
Hughes, Heather
Ibrahim, Anthony
Johnson, Rachel
Kim, Christopher
Lee, Olivia
Morgan, Benjamin
Nguyen, Victoria
Olson, Gabriel
Patel, Lauren
Quinlan, Tyler
Rodriguez, Jessica
Sanchez, William
Thompson, Christina
Upton, Jason
Vega, Allison
Wilson, Edward
Xu, Elizabeth
Yang, Patrick
Zimmerman, Sarah
Adams, Alexander
Baker, Kimberly
Campbell, Joshua
Douglas, Jennifer
Espinoza, Daniel
Flores, Amanda
Gomez, Ryan
Hernandez, Nicole
Ingram, Christopher
Jackson, Vanessa
Kelly, Daniel
Lopez, Megan
Martinez, Emily
Nguyen, Jonathan
Owens, Lauren
Patel, Victoria
Quinn, David
Ramirez, Olivia
Stevens, Samantha
Torres, Andrew
Underwood, Carlos
Vasquez, Tiffany
White, Matthew
Xavier, Jessica
Young, Olivia
Zane, Benjamin
Abbott, Maria
Brown, Nicholas
Chang, Stephanie
Diaz, Christina
Evans, Tyler
Fernandez, Hannah
Garcia, Christopher
Hughes, Jasmine
Ibrahim, Eric
Johnson, Emily
Kim, David
Lee, Rachel
Morgan, Matthew
Nguyen, Laura
Olson, Brian
Patel, Tiffany
Quinlan, Jason
Rodriguez, Heather
Sanchez, Daniel
Thompson, Jasmine
Upton, Andrew
Vega, Samantha
Wilson, Olivia
Xu, Jonathan
Yang, Jennifer
Zimmerman, William
Adams, Ashley
Baker, Joshua
Campbell, Melissa
Douglas, Anthony
Espinoza, Brittany
Flores, Joseph
Gomez, Amanda
Hernandez, Gregory
Ingram, Vanessa
Jackson, Benjamin
Kelly, Christina
Lopez, Patrick
Martinez, Lauren
Nguyen, Daniel
Owens, Megan
Patel, Christopher
Quinn, Victoria
Ramirez, Joshua
Stevens, Elizabeth
Torres, Robert
Underwood, Emily
Vasquez, Michael
White, Tiffany
Xavier, Ryan
Young, Samantha
Zane, Matthew
Abbott, Sarah
Brown, Jonathan
Chang, Heather
Diaz, Carlos
Evans, Jennifer
Fernandez, Christopher
Garcia, Hannah